damn eddie back at it again with the fitness health fitness fit tflers fitnessmodel,1
no excuses amputee runner plans to make history at boston marathon you can overcome,1
exactly why didnt he start paco not like hes planning for a midweek match or anything no fitness issues right,1
trinity combine was another success today over raised for trinity community ministries,1
fit weightloss top ten minute solution fitness dvds braves health,0
enjoy the fitness center at the barrett walk apartments and take note some of these fitness tips,0
movement is crucial for fitness but its important to move smart by cross,0
yo simeon i have a question about fitness are fat burner supplements a benefit if im trying to build muscle,1
yo chris i have a question about fitness are fat burner supplements a benefit if im trying to build muscle,1
i found this online looks pretty straight forward,1
ways to naturally increase testosterone levels via,0
follow me on snap chat for fitness workouts nutrition tips and great dance moves,0
watching btb fitness crush the competition today crossfit north atlanta,0
beware of the office vending machine bodyfit mindfit fitfam,0
light your shoulders and abs on fire with this at home workout,0
what are your plans next saturday morning complimentary fitness boot camp at ccc for the month of may every,0
make sure to follow my fellow alterego fitness ambassador ryanvanniekerk keep killinit,0
new slots open for fitness training services email for info,0
weeks unti buildmuscle countingcalories fitness getfit getinshape gettinginshape healthydiet loseweight,0
keys to fall fat loss fitness nutrition,0
workouts for judo your ultimate training guide judo fitness judo strength,0
sunday vibes with comfy leggings picture by anna english fitnesslifestyle fitness a h,0
weve paired up with your local snap fitness atlanta locations to help you achieve your goals springintoaction,0
great ideas healthy hacks for eating on the go via,0
sunday vibes with comfy leggings picture by anna english fitnesslifestyle fitness a,0
new flooring at la fitness is really bad,1
download nexercise and get rewarded for being active free health fitness,0
raw eggs are great for a fitness diet if you dont like the taste just add butter flour sugar and bake at for m,0
hotels that put your fitness first long gone are the days when a hotel gym meant a small smelly room tucked,0
an empty gym on the weekend gotta love it chest workout fitbit fitness fit sweat sweaty,1
gymlife planet fitness stone mountain ga new location,1
back at the gym planet fitness stone mountain ga new location,1
great spin class this morning spincycle cardio fitness atl vibe ride,1
me and my running partner fitness fitmom workout fitlife fitness iamarunner,1
day moving a new client it was a really nice fitness center/spa for women lots of ladies,1
fitness is so much than workouts find your peace start something active and healthy keep,1
size tris n shoulders momentum fitness in dallas ga,1
may is posturemonth health fitness pros free pg toolkit strategy,0
i did like reps of power clean yesterday and im too sore gym membership to la fitness will be coming wednesday,1
theres even more to simply work out tools select the right health and fitness clothing,0
beyday cyc fitness buckhead in atlanta ga,1
i see everyone is posting their goals for may so here are mines health fitness fit,1
how this million company succeeded by doing everything wrong frieswick via lv my app,0
im at la fitness in duluth ga ga,0
the family fitness daily is out stories via,0
may is national physical fitness and sports month we appreciate all of our coaches and pe teachers give a shout,0
zumba basic training with zumba erick going down at ll dance and fitness,0
daily news for fitness trainers is out stories via,0
summer bodies are not made over night get it rightget it tight with spinarella pole l dance l fitness enjoy,1
never too young to play cornhole harrisjacobsdreamrun hjdr mjcca fitness,1
todays the day my friendsbeauty artist makeup fitness antiaging naturalbeauty,1
were at the harrisjacobsdreamrun with the atlhawks flight crew hjdr mjcca fitness,1
walt whitmans advice to americas men not sure i want fitness/sex adivce from an overweight gay codger with a cane,1
fitness tip of the day the most easy and rapid way to gain weight is taking snack before bedtime,1
morning workout abs coreworkout fitness selfmotava betterliving begreat atlanta,1
goodmorning riseandshine tgisun gotime life time fitness on yelp,1
ways to get more out of your gym time lccwellness ithrive,0
in case you missed it motivation you are doing it fitness quote,1
korrasami clayton state university csu athletic fitness center,0
scouting report take mom to a dance fitness class atathleta,0
vote hillary clinton clayton state university csu athletic fitness center,0
fit weightloss what fitness and health really looks like braves health,0
murph crew murph a month to raise money for charity is about more than fitness its community too,0
nfl falcons top ten minute solution fitness dvds jfb,0
dead what is this gd fitness grand pacer test and why us it everywhere got me thinkn i need take it,1
whole body cryotherapy a recovery tool that benefits pro athletes and fitness enthusiasts alike impactcryotherapy emerge,0
smartwatch fitness tracker fitbit charge hr wireless activity wristband plum activitytracker fitness,0
my model is better than yours donbenjamin fitnessmodel fitnessmotivation fitness abs,1
he turned his passion for fitness into a seven figure automatic business,0
whats hot in fitness we specialize in barre yoga and core classes connect and follow us today,0
simple meal prep combinations anyone can do,0
new york jets star matt forte reveals his workout secrets exercise tips and nfl draft experience mensfitness,0
when did they put an la fitness on convington and panola,0
fitness friends was out on the town in atl tonight as a sponsor of the bee hive,0
excited for the new things that are to come stay tuned for the introduction video to erob fitness dropping next week,0
preventcancer through fitness try our yogaclasses in johns creek,0
you all look amazing my fitness goals somewhat you go powell wht a way represent,1
funny video about thigh gaps from comedian via via,0
me i hate the pacer test calum i love the pacer test me the fitness gram pacer test is a multistage aerobic capacit,1
thx for the follow visit fitness health gym motivation fitnessgoals,0
yo ff enthusiastically sez thanks so much for all you do really appreciate your help bicycle running fitness,1
im finna get this nigga a la fitness membership since he wanna work it out so bad,1
i liked a video shredz worst of the fitness industry,1
me i hate the pacer test calum i love the pacer test me the fitness gram pacer test is a multistage aerobic capacity test,1
open gym fun at ninjaquestfitness ninja quest fitness,0
why health and fitness are the only wearables that matter digitalhealth,1
i aint been to la fitness in almost months they steady taking my cash though got to cancel that,1
serves were visiting cairoga where uga is putting on third fit fest here in grady county ugaserves fitness,1
fit for you you use your body every second of the day treat it right keep it healthyfitfam fitness gymlife,1
never stop fighting finaflex redefineyourself pxwhite clearprotein bodybuilding fitness fitfam,0
photos teaches water safety and fitness atlpicsnet,0
booty blaster happysaturday fitness happy natural naturaltosh,0
like ppl hit me up to be their personal trainer after my snaps yesterday at la fitness,1
it may look like a car but its way better for you and the planet,1
pumpitup tgisat letsgo rainyday grind life time fitness on yelp,1
just finished week day of with everymomentcounts run running health fitness,1
i can tell you right now this is my biggest fitness blind spot sleep gymguyz,1
saturday sweat session fitlife fitness exercise getit femmesiquenutrition,1
but hour fitness has a child centerhell if anything he could have given the baby to someone at the front desk lol,1
how are you going to criticize a fitness ad for using a person in abnormally good shape,1
fat man at la fitness almost broke my toe,1
lets here it thestruggleisreal fitness work journeyon noshortcuts,1
kgfitfam fitness healthy fit been a minute since i got a serious pump with my day but we,1
exercise is for everyone people of all ages fitness levels and body types,1
i checked in at la fitness on yelp,1
an innovated fitness directory that showcases your strength talents like no other inspire someone,1
do you use fitness or calorie tracking apps to help keep your exercise nutrition goals on target,1
it was hot like fire out there today but we got it done noexcuses workout fitness nike,1
make use of these simple steps for smart exercise eat enough hydrate stretch start slow sleep,1
threadfit donesonboosiefade on deck fitness aminoenergy lafitness chiboys,1
just finished week day of trainer with everymomentcounts run running health fitness,1
our fitness center is the perfect place to burn some calories smyrnaga cobbcounty,0
if i can get this job at ulta my la fitness membership ill stay for the summer but if not back to ny i go,1
cameron in action at kendo lifetime fitness johns creek,1
tried these for the first time and they are pretty good vegan raw fitness health eatclean,1
demo ale i will be at the vitamin shoppe in eastchase tonight at lets talk fitness,0
applewatch sport rose gold aluminum case lavender sport band apple watch fitness smartwatch,0
shout out to my figure girls u betta werk fitness,0
onlinetraining,0
watching camerons kendo class lifetime fitness johns creek,0
our hr fitness center looks great you should come check it out theredland,0
does anybody go to crunch fitness and like it replytweet,0
a great fitness performergive perfect fitnessenforcers and dedication feedback on garcinia cambogia,0
may tramore east west connector marietta ga,0
food facts buildmuscle countingcalories digestion fitfortheholidays fitness fitnessmyth fitnessplan getfit,0
a great fitness performer where can we buy garcinia cambogia,0
smartwatch fitness tracker garmin forerunner black with heart rate sensor gps,0
i want to get back in touch w/my spirituality and really back into my fitness to help balance myself i would also like,1
street studio creative is so excited to partner with amoora dance fitness to present a so sexy ladies night at,1
cheap thrills sia ft sean paul dance fitness workout valeo club via,1
i liked a video from cheap thrills sia ft sean paul dance fitness workout valeo club,1
lbs deadlift pr life time fitness alpharetta,1
tens unit electric slimming massager nerve/muscle fitness health homedics slimming,1
i forgot that fdu is full of morons who drink a protein shake once think they can give incorrect fitness advice,1
running with the king pray fitness on a beautiful saturday in atlanta fitness workout,1
sport fitness blackandwhite series next week fit abs trainer fun boxing dancer,1
nice pic from ig out on the beltline thank you fitefx fitness exercise beautiful se,1
bout to go on the ovo fitness plan starting may my beard might even come in,1
beautiful day in atlanta out here shaking the devil off begreat today fitness,1
it was tough saying goodbye today after our final class at roc house fitness this place become,1
great work out at planet fitness lets get it folks planetfitness workout smile saturday,0
he turned his passion for fitness into a seven figure automatic business many owners of one person service b,1
muscle fitness hacks to transform your body revealed garcinia cambogia and,0
edmonton police recruits pushed to the limit when it comes tofitness,1
please post a lot because i truly need to get on my fitness grind,1
fitness is it hard to find time to work out check my blog to see ways to find more time,1
help icymi productivity hacks for people who work from home | via,0
ladies are you a mom who needs permission to take a little time each day to focus on your fitness and nutrition g,0
post spin swelfie cyclepath fitness fitnessjunky cardio spininstructor,0
god thank so much for this outcome myyyyy god i was skinny fitness growth abs,1
whole body cryotherapy a recovery tool that benefits pro athletes and fitness enthusiasts alike impactcryotherapy emergeandperform,0
nfl falcons effective fitness advice for womens health and weight loss jfb,0
fit weightloss effective fitness advice for womens health and weight loss braves health,0
better posture ways to straighten up via is posture awareness month,0
miles down about to get thes last in for the week planet fitness stone mountain ga new,0
cardio time to feel the burn la fitness on yelp,1
im at alcovy fitness + wellness in covington ga,0
new personal record minute mile look out minute mile here i come fitness running,1
icymi productivity hacks for people who work from home | via,0
tournament in go cougars volleyball tournament cobb atlanta volleyball fitness center,0
easy saturday morning for the nc fitness fanaticssmyrna health fitness workout advocate morning motivation,1
had a great workout with my sports supps bpisports bpidemorep bpination teambpi fitness fitfam fit,1
i want to get back in touch w/my spirituality and really back into my fitness to help balance myself i would also like to go out more,1
back is done momentum fitness in dallas ga,1
crunch fitness in johns creek is the move to get ready for tonight,1
for my elders that hate the gym lol gardening is more effective exercise,1
seconds thats a lot of seconds runatl running fitness,1
the most important stretches your body craves set up a session with our trainers to assist in stretching you,1
best fitness trackers uk best fitness bands activity trackers,0
its time for paddle board yoga free class today am paddleboardyoga paddleboarding fitness vegan beachli,0
cardio workout as an alternative to running remember any workout can be modified to beginner or,1
getting ready for engagement party *enters of wine into my fitness pal* partytime,1
an innovated fitness community that promotes your strength we like bragging on our fitfriends inspire,0
client down and two cyc fitness to go man id say i can rest the rest of the day {who wants to be part of my,1
the family fitness daily is out stories via spark,0
love the gym on saturday finaflex redefineyourself pxwhite clearprotein bodybuilding fitness,1
get the skinny on todays fat loss treatments,1
were visiting cairoga where uga is putting on third fit fest here in grady county ugaserves fitness,1
you use your body every second of the day treat it right keep it healthyfitfam fitness gymlife,1
la fitness be acting like they tsa security when you try to get in,1
edible arrangements is next door to planet fitness i contemplated buying myself one for breakfast this morning,1
franklingirl sizeism that poor woman needs to mix in a salad some fitness classes stop wining abo,1
we are into fitness so that we can drink beer true story join us in our quest,1
nice rowing fun this morning to work those back muscles vikkigetsfit fitness fitnessjourney,1
jon flanagan must build a base of fitness before regular football klopp,1
business spotlight renew fitness center focuses on improving lives newnan senoia,1
crossfit pilates yoga whatever your fitness needs are has it fitness,0
sizeism that poor woman needs to mix in a salad some fitness classes stop wining about peoples comments,1
late night dinners and high carb breakfasts are not helping my thigh gap betterbefit fitness girlprobs,1
grand opening event at fitness from come out to preview group classes my yoga class and meet the staff,1
gym session done catch me if you can etherbaby fitness,0
fitness test commencing making this a family affair this morning x,1
watch my live activity from la fitness now,1
the gym represents your overall fitness level do you get enough exercise and activity each week blueprintyourdreamlife,1
mixingitup urban body fitness in atlanta ga,0
i just checked in at la fitness with mplusplaces download today,0
i work in it want to hear the question asked the most why are you always eating iffym fitfam fitness gains macros love food,1
shoulders mountain park fitness in stone mountain ga,0
fitbit blaze smart fitness watch black silver,0
things i learned as a figure competitor ahtlete figurecompetition fitness showprep,0
jurgen klopp will continue managing daniel sturridges fitness as schedule proves too,0
perfect for fitness diet pill garcinia cambogia side effects,1
nfl falcons fitness and diet tips for men jfb,0
morning rituals that make it easy to stick to your fitness routine by via,1
this chocolate peanut butter crepes looks good and taste better fitness,1
calling it a night so we can rock crunch fitness in johns creek tomorrow night pumpyouup hanswillworkyou,1
hey blast fitness thanks for the follow,0
your habits make an impact on posture and health join posturemonth fitness,0
sometimes you just need to have some fungymlife gym workout fitdad fitness fitlife,1
hey fitness life thanks for the follow,1
let them know why you look like that gymflow gymapparel gymlife fit fitness lift art,0
i have a twerk fitness class with monique in the morning shes gonna make me pay for this break atlanta,0
dinner outside under the stars pizza smores tiki torches fitness,1
meditation did you know meditation can be great for your fitness check out my blog,0
i so tiredgym fitness youfit norcross singleton rd,1
at amazon fresh deals in movies tv also deals in exercise fitness plus savings in kit topnews,0
the hottest new diet isnt a diet at all fitness health,0
i need to cancel my la fitness membership ive been paying a month since jan and have been like times smh,1
just bumped into the homie at walmart the homie cool as fan see you at the fitness g juststepintothespotlig,1
ever doubt why you maybe lifting weights just for fitness purposes read the edge of strength by,0
building muscle could boost the bodys most important muscle,1
just fail the drug fitness and background check we will be good,1
may free classes all monthwant to workout with your friends in may in honor of national fitness month were,1
theres a reason high intensity interval training is the workout it works discover hiit,4
join la fitness n we can lift bro,0
were training hard for the what are you doing with your fitness,1
new reality series coming to atlanta are you an african american personal trainer or fitness buff who is,0
good night and good weekend matjunkie bjj mma kickboxing knuckleup fitness buckhead,1
wags support our fitness contributor in jax dancingwiththestars go annie jaguars nflwags nflwife,0
cleanuptime tgif life time fitness on yelp,1
out here at skatetowne for the skate for fitness come out,1
friday night at the gym summerisabouthere bodysteward la fitness,1
ga fitness client spotlight jeff whigham out of brookwood high school in snellville ga is a year old sophomore,1
why viral youtube fitness video star cassey ho will never diet again by via,0
under armour is still mapping out its digital fitness future digitalhealth,0
this girl still not on a fitness magazine cover yet lmao,1
things your fitness trainer wants you to stop doing healthy fitness workout exercise,1
time to shake the game up sign up for our free fitness directory innovated services you may be missing,0
when ya quads poppin athlete athleticgirls fitthick fitthickarmy fitness,1
from yesterdays workout sets reps fitnessmotivation fitness fitfam fitnesspage,1
he passed the fitness test by getting up that grassy upgrade unaided,1
startin em out young happy friday fitness atlfitness pullups,1
zumba with tati april get your tickets here,1
another lemonade trapmusic for my workout la fitness chicago s lake park,1
the connection between scent and sexual attraction,1
salt lake city utah | repost was my of many fitness booths i was,0
im at i love kickboxing fitness classes cumming ga in cumming ga,1
ready to salsa attending salsa night out with rc get pulsed fitness,1
check out this article from ae fitness magazine lifeless to lustrous,1
health and fitness kenwood park in fayetteville ga,1
im at best fitness by pharr in atlanta ga,1
fit for you this women have years and perfect body &gt gym,1
im at planet fitness in cartersville ga,0
pull up and check out fitness assets or whateva irockmyownish getting ready,1
stretches that can help build muscle the cheat sheetgetbettereveryday,1
enjoy your weekend fitness life style kreateafitlife fitnesshumor itstheweekend,1
this women have years and perfect body &gt gym,1
ihg in deal for second even fitness hotel in newyork,0
st vincent healthcare celebrates its anniversary healthcare healthitbuzz healthit,0
spots for your health and fitness splurge do your body right at + more,1
revolution personal fitness lawrenceville will be years old july this year to celebrate giving away,0
group run saturday at from nrg fitness let us know if you are in,0
if my gender verifier is not available this one might work jason want to go to oxford alabama with me,1
month of training at power performance fitness in cumming ga minimum bid,0
thanks for sharing life time fitness have a great friday grow followers,1
support our fitness contributor in jax dancingwiththestars go annie jaguars nflwags nflwife,0
new sessions begin monday may make the best decision youll make to improve your health and fitness and grab,0
theres nothing like finding your ball in the hole ace golf fitness,1
im available to teach exotic fitness classes to womens ministries at churches,1
sign up for the skinny ms enewsletter get all of our latest healthy recipes workout fitness cha,0
he killed it bars pullups barboys fit fitness gym fittingroom muscle,1
the whole dark area on my shirt is sweat thanks dancejam life time fitness,1
ezcoach fitness prescriptionattract more members and grow your,0
weeks to a competition body diet plan,1
enter to win a pair of nikes from ghogy and a fitness plan enter here,0
win for your alumni association details health fitness sports fundraising atl,0
clare after getting her sweat on in shred and winning her you to my ga fitness family i appreciate,1
its leg day happy friday people fitness workout nike sandy springs georgia,1
will you be on campus during maymester check out all the fitness classes is offering may,0
its a lifestyle weight weightloss fat fatburner fitness health sculpt fit work,1
right body takes timeweight weightloss fat fatburner fitness health sculpt fit,1
selenagomez for gq magazine weight weightloss fat fatburner fitness,0
its a feelingweight weightloss fat fatburner fitness health sculpt fit workout,0
a grant will help uninsured under insured people in palm beach county avoid costly er visits,1
thank you to my georgia fitness family i appreciate you all so much besides my family and friends ga fitness,1
things successful people do before am growthmindset,1
anyone can workout for an hour but to control what goes on your plate the other hours thats hard work gym fitnes,1
anyone can workout for an hour but to control what goes on your plate the other hours thats hard work gym fitness fitfam,1
is your gym staying competitive gym fitness healthyliving strategy,0
im doing the classic program from the app for android,1
