so where do you start when it comes to fitness footwear  bodyfit fitfam,0
obsess over this guy who's obsessed with fitness  shirtless selfies  it's the morning fix ,1
classpass users are freaking out over new price hikesâ€¦ news business updates kgglobal,0
keepitmoving bruce's new world fitness,1
the residents at piedmont heights are enjoying their new fitness center ,0
fitness is like a marriage  you can't cheat on it and expect it to work!,1
emily ratajkowski have fitness body right  check how she training -  gymgirl,1
â€¦i don't recommend you to try this!!,0
a couple of slow cooker recipes     do something different,1
i'm at snap fitness glenwood in atlanta ga,1
proformÂ® pro treadmill treadmill treadmills fitness fitfam preform cardio homeworkouts,0
classpass users are freaking out over new price hikes that make it more expensive than equinox,0
"to quote a favorite taco commercial of mine ""why not both ""exercise fitness mvmfitnessâ€¦",0
have less than an hour  you only need minutes crossfit zanshin!be sweaty sore and tired in minutes with   ,0
have less than an hour  you only need minutes absolute body symmetry!be sweaty sore and tired in,0
seeing a lot of progress this month!! abs fitness gainz ksu ksureccenter,1
you can tell i'm growing in fitness  i've started working out and studying in my room lol working out   studying  what    ðŸ˜‚ðŸ˜‚,1
army crawl! ðŸ’ªðŸ¼ðŸ’ªðŸ¼ bootcamp fitness trinitype physed,1
have you heard strength training isn't just for body builders   ,1
nothing like spending the day out at my favorite ! hiking nature outdoors fitness waterfalls godscountry,1
i have been following her fitness journey for quite some time now,1
i'm at best fitness by pharr in atlanta ga,1
beltline meditation and other ways to stay fit for free this week,0
 inspiring  fitfam fitness gym,0
get your sweat on! like this workout  exercise weightloss journey gymtime fitness run,0
gonna attempt to achieve some sort of fitness goal in may lol  *fingers crossed,1
if you're not following and using their supplement line in your fitness plan then now is the tiâ€¦,0
a fitnessdirectory that actively promote personaltrainer health professionals  gym sign up free today!,0
kgfitfam fitness healthy fit last couple days on the challenge  let's finish strongðŸ’ªðŸ¾,0
the family fitness daily is out! stories via,0
today do a workout for the year you were born  jane here i come! fitness trends with the year you were born,1
help me raise awareness for lupus this saturday  let's walk for a cause  dm me for more info  edgefitlive fitness,0
cirque du soleil star is going viral on instagram for acrobatic stunts with her babies gymnastics gaa kennesaw,1
trinity fitness workout wednesday via,0
join us for the annual unite for healthy kids walk/ run on get fit  stay healthy! Fitness,0
join sharika of hot body studio this sat for free dance fitness class! super fun  fabulous workout for all! ,0
so you gon get yo whole body done and then thank some fitness tea for the shit  ðŸ¤”,1
 there's a big difference between a leader  and a boss  fitfam fitness gym,1
 any fitness fans out there  stop by the bestmoms lounge at to talk to from,0
âœ¨membersâœ¨ don't miss out on our special introductory offer of for weeks of success sessions with fitness   ,0
starting this workout today everyone  i expect radical changes  i'll keep everyone updated  fitness,1
 serena during the madrid press rounds when everyone starts asking about her fitness and preparation,1
fitness boot camp,0
i checked in at la fitness on yelp,0
ever wondered what muscles are working while you stretch  check this out! fitness stretching flexibility,0
i just checked in at planet fitness with mplusplaces download today! ,0
happy nationalwalkatlunchday! get outside during your lunch break for fresh air and fitness!,0
a fitness  health directory that actively promotes its members  expand your brand make friends gain new,0
daily news for fitness trainers is out! stories via,0
hey when you get our age la fitness is like a injury fest  everyone still trying to run ball screens to kill someoneðŸ˜‚ðŸ˜‚,1
looks like a good twister pose! melissacoates twister fitness,1
trying to find a tracker to get your fitness inline  like  share help someone  fitlifetv oms health tracker,1
"he built a seven-figure business making fitness friendly to ""nerds""",1
kgfitfam fitness healthy fit last couple days on the challenge  let's finish strongðŸ’ªðŸ¾,0
fitness blogger would do a cryo session over an ice bath any day cryotherapy theultimatecoldtherapy,1
download nexercise and get rewarded for being active! free health fitness,0
"he built a seven-figure business making fitness friendly to ""nerds"" cut from his high school basketball team   ",1
reasons to start strength training -,1
fear is an illusion   instafit motivation fit tags for likes tflers fitness gymlifeâ€¦,1
pinkpatchgroup news update -,0
am huge fan of yours    may i please interview u on my fitness blog via video skype  my website,1
fitness   fashion   jewelry ðŸ’ªâœ¨ fitness pendants âœ¨ free shipping âœ¨ lifetime warranty âœ¨ florrihâ€¦,0
renew fitness center of newnan helping people improve their lives everyday  senoia,0
ðŸ’¯ï¸when you decide fitness and health is what you need in your everyday walk of life feel freeâ€¦,1
why i wont quit wednesdays tonight  phoenix park track ðŸ’ª health fitness top tags fitâ€¦,1
at ghetto planet fitness    going to get my cardio game on ,1
check out these exercises you can do with just one dumbbell!  fitness exercise,1
ams    its better when u have a partner i promise  discipline fitness realtor realestateâ€¦,1
antigravity aerial yoga is taking fitness to new heights,1
listening to future at l a fitness marietta south,1
happy pump day fitness and nutrition friends! yesterday a colleague said that she wanted someâ€¦,1
 dakotas fitness fun by,0
wednesday morning legpress fun! yay!  vikkigetsfit fitness fitnessjourney fit weightlossâ€¦,1
atlanta martial arts center      effective self defense  fitness training      servicing woodstock towne lake   ,0
 famous elevator selfie after my daily run in the park  lol  i love fitness and seeing the results  fitness baby httâ€¦,1
i just checked in at fitness with mplusplaces download today! ,0
when i'm challenged i go harder ðŸ”¥goal fit gym gymflow focus fitness fitbit healthyâ€¦,0
awesome workout this morning! it's time to go home and go to bed  ðŸ’¤fitness healthcoach fitforgood,1
we all have to take our fitness to the next level!! it's more thanâ€¦,1
workout_fitness_lifestyle's photo,0
 eat/lift/sleep/repeat finaflex redefineyourself pxwhite clearprotein bodybuilding fitness fitfam   ,0
how going to fancy fitness classes actually made me lazier,1
vote hillary clinton clayton state university - csu athletic  fitness center,0
there's a big difference between a leader  and a boss  fitfam fitness gym,0
the inevitables of success fitfam fitness gym,0
fit weightloss fitness and diet tips for men braves health,0
there are fitness trackers that you can set and it will wake you during the proper time during your sleep cycle ,1
 let your desire for a better life drive you to succeed fitfam fitness gym,0
 live your life like your you're setting an example  you have more effect than you realize  fitfam fitness gym,1
 never put limits on what you're capable of fitfam fitness gym,1
home workouts with minimal equipment athlete fitness homeworkout stengthbuilding workouts workoutsforwomen,0
booting up apps to help you reach fitness goals â€™tis the season for shedding those holiday pounds â€” and the   ,0
i love my new cropped hoodie  postworkoutglow postworkout fitness gymflow,1
how to get really good at carrying in groceries fitness,1
athens ga - pcat instructor -  job description join kaplan as a pcat instructor in this role you will lead as   ,0
curls for the girls or bi's for the guys  comment below arms fitdad fitness bodybuildingâ€¦,0
chestday got me feeling the zzzzz     la fitness-atlantic station,1
the new fitness coach at the gym sorta looks like rey from tfa,1
love my kaitlin ðŸ’— atlanta fitness carrollton,1
threadfit with thehomie doneson  fitness lafitness ua underarmour aminoenergy beardgang,0
that late night work outðŸ’ªðŸ‘Štherapy release grindtime la fitness sugarloaf,1
repost with repostapp ãƒ»ãƒ»ãƒ»so real life quotes fitness nutritionâ€¦,0
back at itbeastmode teamfit workout legday gymrat gunshow fitness gymâ€¦,1
can't do a push-up  here's where to start,1
former mkr star and fitness fanatic lynzey murphy shows off her rock hard abs,0
